Model,Accuracy,Precision,Recall,F1,ROC-AUC
LightGBM,0.9489018708866376,0.9908585205369363,0.9452594674886997,0.9675220242486415,0.9696559941297244
RandomForest,0.9526925142028557,0.9904458333680102,0.9504144771518471,0.9700173204279164,0.9641484490894067
NaiveBayes,0.9177504348469114,0.9942802124366911,0.903045089364149,0.9464690766951529,0.9255813501673593
LogisticRegression,0.9300000964540284,0.9871244269475263,0.9251305722819403,0.9551226027736095,0.9593516398036056
SVM,0.9345559417289063,0.9590987273474633,0.9596463767190021,0.9593724738780276,0.9672569184672251
